, , ,Number of Edges
 , ,500,600,700,800,900,1000,
,100,382,337,368,392,369,330,
,200,1469,1364,1460,1439,2013,2184,
,300,3958,4495,3949,3918,3460,3253,
,400,6454,6175,5919,6077,6627,6167,
,500,11982,9929,11060,9469,9603,11075,
,600,12671,12540,12765,12672,12691,12582,
,700,17812,17551,22110,17469,18456,18645,
,800,22894,22568,22653,23040,22131,23427,
,900,31998,29936,32060,28740,28381,29675,
,1000,48752,37955,34274,34780,34943,34885,
,1100,45102,41569,44615,41646,41575,40648,
,1200,50431,49839,52599,53974,52945,49746,
,1300,58785,58733,57411,58928,65514,59830,
,1400,72654,67029,66207,67217,67067,67410,
,1500,76584,80015,76839,76790,75473,76557,
,1600,96687,90185,87007,86809,86700,86632,
,1700,98068,98604,96977,99252,98208,106378,
,1800,111878,108672,111291,109439,110781,108741,
,1900,146572,122166,133382,122798,123623,121749,
,2000,149466,137026,134518,139597,156049,135505,
,2100,154165,152896,153064,149517,158676,159196,
,2200,169434,169227,163303,162793,165226,164040,
,2300,186640,179251,191079,179204,196086,215525,
,2400,245652,247566,241695,200464,193201,217380,
Verts,2500,218930,217592,211047,214012,229117,242509,
,2600,245136,231504,228572,229322,232846,229109,
,2700,285870,247212,250514,248087,244615,246394,
,2800,273363,270698,268855,266709,285318,278418,
,2900,303991,302885,289109,289246,297414,282616,
,3000,312874,300768,309614,339673,307885,308393,
,3100,346195,323898,324800,324181,324255,329797,
,3200,353170,346319,345918,351980,344559,372811,
,3300,458342,404567,378766,382787,370497,387396,
,3400,399038,393308,398340,393539,394823,391450,
,3500,424209,412094,422035,424204,443669,417893,
,3600,448127,441126,442202,448308,435059,446478,
,3700,472166,485841,466198,477342,462819,457412,
,3800,514472,488759,492683,491229,571938,551315,
,3900,536694,513744,541475,560235,580044,572754,
,4000,603097,572046,547757,555574,599945,593819,
,4100,599624,585925,673554,587863,609190,603641,
,4200,630065,628885,609013,699570,635369,685933,
,4300,802739,680421,639022,649903,654130,636780,
,4400,689252,726464,667085,662701,688360,669010,
,4500,701545,702061,689746,700688,690906,700176,
,4600,760363,740379,746804,899963,744731,739877,
,4700,817351,774072,765302,754678,768496,787512,
,4800,831197,802367,786635,794544,826523,800333,
,4900,831360,816450,806478,860133,908058,841728,
,5000,863693,853340,870176,871402,851034,909770,






Edges Per Vert
Algorithm:,complete
Verts:,2600
Edges:,N/A
0,2599
1,2599
2,2599
3,2599
4,2599
5,2599
6,2599
7,2599
8,2599
9,2599
10,2599
11,2599
12,2599
13,2599
14,2599
15,2599
16,2599
17,2599
18,2599
19,2599
20,2599
21,2599
22,2599
23,2599
24,2599
25,2599
26,2599
27,2599
28,2599
29,2599
30,2599
31,2599
32,2599
33,2599
34,2599
35,2599
36,2599
37,2599
38,2599
39,2599
40,2599
41,2599
42,2599
43,2599
44,2599
45,2599
46,2599
47,2599
48,2599
49,2599
50,2599
51,2599
52,2599
53,2599
54,2599
55,2599
56,2599
57,2599
58,2599
59,2599
60,2599
61,2599
62,2599
63,2599
64,2599
65,2599
66,2599
67,2599
68,2599
69,2599
70,2599
71,2599
72,2599
73,2599
74,2599
75,2599
76,2599
77,2599
78,2599
79,2599
80,2599
81,2599
82,2599
83,2599
84,2599
85,2599
86,2599
87,2599
88,2599
89,2599
90,2599
91,2599
92,2599
93,2599
94,2599
95,2599
96,2599
97,2599
98,2599
99,2599
100,2599
101,2599
102,2599
103,2599
104,2599
105,2599
106,2599
107,2599
108,2599
109,2599
110,2599
111,2599
112,2599
113,2599
114,2599
115,2599
116,2599
117,2599
118,2599
119,2599
120,2599
121,2599
122,2599
123,2599
124,2599
125,2599
126,2599
127,2599
128,2599
129,2599
130,2599
131,2599
132,2599
133,2599
134,2599
135,2599
136,2599
137,2599
138,2599
139,2599
140,2599
141,2599
142,2599
143,2599
144,2599
145,2599
146,2599
147,2599
148,2599
149,2599
150,2599
151,2599
152,2599
153,2599
154,2599
155,2599
156,2599
157,2599
158,2599
159,2599
160,2599
161,2599
162,2599
163,2599
164,2599
165,2599
166,2599
167,2599
168,2599
169,2599
170,2599
171,2599
172,2599
173,2599
174,2599
175,2599
176,2599
177,2599
178,2599
179,2599
180,2599
181,2599
182,2599
183,2599
184,2599
185,2599
186,2599
187,2599
188,2599
189,2599
190,2599
191,2599
192,2599
193,2599
194,2599
195,2599
196,2599
197,2599
198,2599
199,2599
200,2599
201,2599
202,2599
203,2599
204,2599
205,2599
206,2599
207,2599
208,2599
209,2599
210,2599
211,2599
212,2599
213,2599
214,2599
215,2599
216,2599
217,2599
218,2599
219,2599
220,2599
221,2599
222,2599
223,2599
224,2599
225,2599
226,2599
227,2599
228,2599
229,2599
230,2599
231,2599
232,2599
233,2599
234,2599
235,2599
236,2599
237,2599
238,2599
239,2599
240,2599
241,2599
242,2599
243,2599
244,2599
245,2599
246,2599
247,2599
248,2599
249,2599
250,2599
251,2599
252,2599
253,2599
254,2599
255,2599
256,2599
257,2599
258,2599
259,2599
260,2599
261,2599
262,2599
263,2599
264,2599
265,2599
266,2599
267,2599
268,2599
269,2599
270,2599
271,2599
272,2599
273,2599
274,2599
275,2599
276,2599
277,2599
278,2599
279,2599
280,2599
281,2599
282,2599
283,2599
284,2599
285,2599
286,2599
287,2599
288,2599
289,2599
290,2599
291,2599
292,2599
293,2599
294,2599
295,2599
296,2599
297,2599
298,2599
299,2599
300,2599
301,2599
302,2599
303,2599
304,2599
305,2599
306,2599
307,2599
308,2599
309,2599
310,2599
311,2599
312,2599
313,2599
314,2599
315,2599
316,2599
317,2599
318,2599
319,2599
320,2599
321,2599
322,2599
323,2599
324,2599
325,2599
326,2599
327,2599
328,2599
329,2599
330,2599
331,2599
332,2599
333,2599
334,2599
335,2599
336,2599
337,2599
338,2599
339,2599
340,2599
341,2599
342,2599
343,2599
344,2599
345,2599
346,2599
347,2599
348,2599
349,2599
350,2599
351,2599
352,2599
353,2599
354,2599
355,2599
356,2599
357,2599
358,2599
359,2599
360,2599
361,2599
362,2599
363,2599
364,2599
365,2599
366,2599
367,2599
368,2599
369,2599
370,2599
371,2599
372,2599
373,2599
374,2599
375,2599
376,2599
377,2599
378,2599
379,2599
380,2599
381,2599
382,2599
383,2599
384,2599
385,2599
386,2599
387,2599
388,2599
389,2599
390,2599
391,2599
392,2599
393,2599
394,2599
395,2599
396,2599
397,2599
398,2599
399,2599
400,2599
401,2599
402,2599
403,2599
404,2599
405,2599
406,2599
407,2599
408,2599
409,2599
410,2599
411,2599
412,2599
413,2599
414,2599
415,2599
416,2599
417,2599
418,2599
419,2599
420,2599
421,2599
422,2599
423,2599
424,2599
425,2599
426,2599
427,2599
428,2599
429,2599
430,2599
431,2599
432,2599
433,2599
434,2599
435,2599
436,2599
437,2599
438,2599
439,2599
440,2599
441,2599
442,2599
443,2599
444,2599
445,2599
446,2599
447,2599
448,2599
449,2599
450,2599
451,2599
452,2599
453,2599
454,2599
455,2599
456,2599
457,2599
458,2599
459,2599
460,2599
461,2599
462,2599
463,2599
464,2599
465,2599
466,2599
467,2599
468,2599
469,2599
470,2599
471,2599
472,2599
473,2599
474,2599
475,2599
476,2599
477,2599
478,2599
479,2599
480,2599
481,2599
482,2599
483,2599
484,2599
485,2599
486,2599
487,2599
488,2599
489,2599
490,2599
491,2599
492,2599
493,2599
494,2599
495,2599
496,2599
497,2599
498,2599
499,2599
500,2599
501,2599
502,2599
503,2599
504,2599
505,2599
506,2599
507,2599
508,2599
509,2599
510,2599
511,2599
512,2599
513,2599
514,2599
515,2599
516,2599
517,2599
518,2599
519,2599
520,2599
521,2599
522,2599
523,2599
524,2599
525,2599
526,2599
527,2599
528,2599
529,2599
530,2599
531,2599
532,2599
533,2599
534,2599
535,2599
536,2599
537,2599
538,2599
539,2599
540,2599
541,2599
542,2599
543,2599
544,2599
545,2599
546,2599
547,2599
548,2599
549,2599
550,2599
551,2599
552,2599
553,2599
554,2599
555,2599
556,2599
557,2599
558,2599
559,2599
560,2599
561,2599
562,2599
563,2599
564,2599
565,2599
566,2599
567,2599
568,2599
569,2599
570,2599
571,2599
572,2599
573,2599
574,2599
575,2599
576,2599
577,2599
578,2599
579,2599
580,2599
581,2599
582,2599
583,2599
584,2599
585,2599
586,2599
587,2599
588,2599
589,2599
590,2599
591,2599
592,2599
593,2599
594,2599
595,2599
596,2599
597,2599
598,2599
599,2599
600,2599
601,2599
602,2599
603,2599
604,2599
605,2599
606,2599
607,2599
608,2599
609,2599
610,2599
611,2599
612,2599
613,2599
614,2599
615,2599
616,2599
617,2599
618,2599
619,2599
620,2599
621,2599
622,2599
623,2599
624,2599
625,2599
626,2599
627,2599
628,2599
629,2599
630,2599
631,2599
632,2599
633,2599
634,2599
635,2599
636,2599
637,2599
638,2599
639,2599
640,2599
641,2599
642,2599
643,2599
644,2599
645,2599
646,2599
647,2599
648,2599
649,2599
650,2599
651,2599
652,2599
653,2599
654,2599
655,2599
656,2599
657,2599
658,2599
659,2599
660,2599
661,2599
662,2599
663,2599
664,2599
665,2599
666,2599
667,2599
668,2599
669,2599
670,2599
671,2599
672,2599
673,2599
674,2599
675,2599
676,2599
677,2599
678,2599
679,2599
680,2599
681,2599
682,2599
683,2599
684,2599
685,2599
686,2599
687,2599
688,2599
689,2599
690,2599
691,2599
692,2599
693,2599
694,2599
695,2599
696,2599
697,2599
698,2599
699,2599
700,2599
701,2599
702,2599
703,2599
704,2599
705,2599
706,2599
707,2599
708,2599
709,2599
710,2599
711,2599
712,2599
713,2599
714,2599
715,2599
716,2599
717,2599
718,2599
719,2599
720,2599
721,2599
722,2599
723,2599
724,2599
725,2599
726,2599
727,2599
728,2599
729,2599
730,2599
731,2599
732,2599
733,2599
734,2599
735,2599
736,2599
737,2599
738,2599
739,2599
740,2599
741,2599
742,2599
743,2599
744,2599
745,2599
746,2599
747,2599
748,2599
749,2599
750,2599
751,2599
752,2599
753,2599
754,2599
755,2599
756,2599
757,2599
758,2599
759,2599
760,2599
761,2599
762,2599
763,2599
764,2599
765,2599
766,2599
767,2599
768,2599
769,2599
770,2599
771,2599
772,2599
773,2599
774,2599
775,2599
776,2599
777,2599
778,2599
779,2599
780,2599
781,2599
782,2599
783,2599
784,2599
785,2599
786,2599
787,2599
788,2599
789,2599
790,2599
791,2599
792,2599
793,2599
794,2599
795,2599
796,2599
797,2599
798,2599
799,2599
800,2599
801,2599
802,2599
803,2599
804,2599
805,2599
806,2599
807,2599
808,2599
809,2599
810,2599
811,2599
812,2599
813,2599
814,2599
815,2599
816,2599
817,2599
818,2599
819,2599
820,2599
821,2599
822,2599
823,2599
824,2599
825,2599
826,2599
827,2599
828,2599
829,2599
830,2599
831,2599
832,2599
833,2599
834,2599
835,2599
836,2599
837,2599
838,2599
839,2599
840,2599
841,2599
842,2599
843,2599
844,2599
845,2599
846,2599
847,2599
848,2599
849,2599
850,2599
851,2599
852,2599
853,2599
854,2599
855,2599
856,2599
857,2599
858,2599
859,2599
860,2599
861,2599
862,2599
863,2599
864,2599
865,2599
866,2599
867,2599
868,2599
869,2599
870,2599
871,2599
872,2599
873,2599
874,2599
875,2599
876,2599
877,2599
878,2599
879,2599
880,2599
881,2599
882,2599
883,2599
884,2599
885,2599
886,2599
887,2599
888,2599
889,2599
890,2599
891,2599
892,2599
893,2599
894,2599
895,2599
896,2599
897,2599
898,2599
899,2599
900,2599
901,2599
902,2599
903,2599
904,2599
905,2599
906,2599
907,2599
908,2599
909,2599
910,2599
911,2599
912,2599
913,2599
914,2599
915,2599
916,2599
917,2599
918,2599
919,2599
920,2599
921,2599
922,2599
923,2599
924,2599
925,2599
926,2599
927,2599
928,2599
929,2599
930,2599
931,2599
932,2599
933,2599
934,2599
935,2599
936,2599
937,2599
938,2599
939,2599
940,2599
941,2599
942,2599
943,2599
944,2599
945,2599
946,2599
947,2599
948,2599
949,2599
950,2599
951,2599
952,2599
953,2599
954,2599
955,2599
956,2599
957,2599
958,2599
959,2599
960,2599
961,2599
962,2599
963,2599
964,2599
965,2599
966,2599
967,2599
968,2599
969,2599
970,2599
971,2599
972,2599
973,2599
974,2599
975,2599
976,2599
977,2599
978,2599
979,2599
980,2599
981,2599
982,2599
983,2599
984,2599
985,2599
986,2599
987,2599
988,2599
989,2599
990,2599
991,2599
992,2599
993,2599
994,2599
995,2599
996,2599
997,2599
998,2599
999,2599
1000,2599
1001,2599
1002,2599
1003,2599
1004,2599
1005,2599
1006,2599
1007,2599
1008,2599
1009,2599
1010,2599
1011,2599
1012,2599
1013,2599
1014,2599
1015,2599
1016,2599
1017,2599
1018,2599
1019,2599
1020,2599
1021,2599
1022,2599
1023,2599
1024,2599
1025,2599
1026,2599
1027,2599
1028,2599
1029,2599
1030,2599
1031,2599
1032,2599
1033,2599
1034,2599
1035,2599
1036,2599
1037,2599
1038,2599
1039,2599
1040,2599
1041,2599
1042,2599
1043,2599
1044,2599
1045,2599
1046,2599
1047,2599
1048,2599
1049,2599
1050,2599
1051,2599
1052,2599
1053,2599
1054,2599
1055,2599
1056,2599
1057,2599
1058,2599
1059,2599
1060,2599
1061,2599
1062,2599
1063,2599
1064,2599
1065,2599
1066,2599
1067,2599
1068,2599
1069,2599
1070,2599
1071,2599
1072,2599
1073,2599
1074,2599
1075,2599
1076,2599
1077,2599
1078,2599
1079,2599
1080,2599
1081,2599
1082,2599
1083,2599
1084,2599
1085,2599
1086,2599
1087,2599
1088,2599
1089,2599
1090,2599
1091,2599
1092,2599
1093,2599
1094,2599
1095,2599
1096,2599
1097,2599
1098,2599
1099,2599
1100,2599
1101,2599
1102,2599
1103,2599
1104,2599
1105,2599
1106,2599
1107,2599
1108,2599
1109,2599
1110,2599
1111,2599
1112,2599
1113,2599
1114,2599
1115,2599
1116,2599
1117,2599
1118,2599
1119,2599
1120,2599
1121,2599
1122,2599
1123,2599
1124,2599
1125,2599
1126,2599
1127,2599
1128,2599
1129,2599
1130,2599
1131,2599
1132,2599
1133,2599
1134,2599
1135,2599
1136,2599
1137,2599
1138,2599
1139,2599
1140,2599
1141,2599
1142,2599
1143,2599
1144,2599
1145,2599
1146,2599
1147,2599
1148,2599
1149,2599
1150,2599
1151,2599
1152,2599
1153,2599
1154,2599
1155,2599
1156,2599
1157,2599
1158,2599
1159,2599
1160,2599
1161,2599
1162,2599
1163,2599
1164,2599
1165,2599
1166,2599
1167,2599
1168,2599
1169,2599
1170,2599
1171,2599
1172,2599
1173,2599
1174,2599
1175,2599
1176,2599
1177,2599
1178,2599
1179,2599
1180,2599
1181,2599
1182,2599
1183,2599
1184,2599
1185,2599
1186,2599
1187,2599
1188,2599
1189,2599
1190,2599
1191,2599
1192,2599
1193,2599
1194,2599
1195,2599
1196,2599
1197,2599
1198,2599
1199,2599
1200,2599
1201,2599
1202,2599
1203,2599
1204,2599
1205,2599
1206,2599
1207,2599
1208,2599
1209,2599
1210,2599
1211,2599
1212,2599
1213,2599
1214,2599
1215,2599
1216,2599
1217,2599
1218,2599
1219,2599
1220,2599
1221,2599
1222,2599
1223,2599
1224,2599
1225,2599
1226,2599
1227,2599
1228,2599
1229,2599
1230,2599
1231,2599
1232,2599
1233,2599
1234,2599
1235,2599
1236,2599
1237,2599
1238,2599
1239,2599
1240,2599
1241,2599
1242,2599
1243,2599
1244,2599
1245,2599
1246,2599
1247,2599
1248,2599
1249,2599
1250,2599
1251,2599
1252,2599
1253,2599
1254,2599
1255,2599
1256,2599
1257,2599
1258,2599
1259,2599
1260,2599
1261,2599
1262,2599
1263,2599
1264,2599
1265,2599
1266,2599
1267,2599
1268,2599
1269,2599
1270,2599
1271,2599
1272,2599
1273,2599
1274,2599
1275,2599
1276,2599
1277,2599
1278,2599
1279,2599
1280,2599
1281,2599
1282,2599
1283,2599
1284,2599
1285,2599
1286,2599
1287,2599
1288,2599
1289,2599
1290,2599
1291,2599
1292,2599
1293,2599
1294,2599
1295,2599
1296,2599
1297,2599
1298,2599
1299,2599
1300,2599
1301,2599
1302,2599
1303,2599
1304,2599
1305,2599
1306,2599
1307,2599
1308,2599
1309,2599
1310,2599
1311,2599
1312,2599
1313,2599
1314,2599
1315,2599
1316,2599
1317,2599
1318,2599
1319,2599
1320,2599
1321,2599
1322,2599
1323,2599
1324,2599
1325,2599
1326,2599
1327,2599
1328,2599
1329,2599
1330,2599
1331,2599
1332,2599
1333,2599
1334,2599
1335,2599
1336,2599
1337,2599
1338,2599
1339,2599
1340,2599
1341,2599
1342,2599
1343,2599
1344,2599
1345,2599
1346,2599
1347,2599
1348,2599
1349,2599
1350,2599
1351,2599
1352,2599
1353,2599
1354,2599
1355,2599
1356,2599
1357,2599
1358,2599
1359,2599
1360,2599
1361,2599
1362,2599
1363,2599
1364,2599
1365,2599
1366,2599
1367,2599
1368,2599
1369,2599
1370,2599
1371,2599
1372,2599
1373,2599
1374,2599
1375,2599
1376,2599
1377,2599
1378,2599
1379,2599
1380,2599
1381,2599
1382,2599
1383,2599
1384,2599
1385,2599
1386,2599
1387,2599
1388,2599
1389,2599
1390,2599
1391,2599
1392,2599
1393,2599
1394,2599
1395,2599
1396,2599
1397,2599
1398,2599
1399,2599
1400,2599
1401,2599
1402,2599
1403,2599
1404,2599
1405,2599
1406,2599
1407,2599
1408,2599
1409,2599
1410,2599
1411,2599
1412,2599
1413,2599
1414,2599
1415,2599
1416,2599
1417,2599
1418,2599
1419,2599
1420,2599
1421,2599
1422,2599
1423,2599
1424,2599
1425,2599
1426,2599
1427,2599
1428,2599
1429,2599
1430,2599
1431,2599
1432,2599
1433,2599
1434,2599
1435,2599
1436,2599
1437,2599
1438,2599
1439,2599
1440,2599
1441,2599
1442,2599
1443,2599
1444,2599
1445,2599
1446,2599
1447,2599
1448,2599
1449,2599
1450,2599
1451,2599
1452,2599
1453,2599
1454,2599
1455,2599
1456,2599
1457,2599
1458,2599
1459,2599
1460,2599
1461,2599
1462,2599
1463,2599
1464,2599
1465,2599
1466,2599
1467,2599
1468,2599
1469,2599
1470,2599
1471,2599
1472,2599
1473,2599
1474,2599
1475,2599
1476,2599
1477,2599
1478,2599
1479,2599
1480,2599
1481,2599
1482,2599
1483,2599
1484,2599
1485,2599
1486,2599
1487,2599
1488,2599
1489,2599
1490,2599
1491,2599
1492,2599
1493,2599
1494,2599
1495,2599
1496,2599
1497,2599
1498,2599
1499,2599
1500,2599
1501,2599
1502,2599
1503,2599
1504,2599
1505,2599
1506,2599
1507,2599
1508,2599
1509,2599
1510,2599
1511,2599
1512,2599
1513,2599
1514,2599
1515,2599
1516,2599
1517,2599
1518,2599
1519,2599
1520,2599
1521,2599
1522,2599
1523,2599
1524,2599
1525,2599
1526,2599
1527,2599
1528,2599
1529,2599
1530,2599
1531,2599
1532,2599
1533,2599
1534,2599
1535,2599
1536,2599
1537,2599
1538,2599
1539,2599
1540,2599
1541,2599
1542,2599
1543,2599
1544,2599
1545,2599
1546,2599
1547,2599
1548,2599
1549,2599
1550,2599
1551,2599
1552,2599
1553,2599
1554,2599
1555,2599
1556,2599
1557,2599
1558,2599
1559,2599
1560,2599
1561,2599
1562,2599
1563,2599
1564,2599
1565,2599
1566,2599
1567,2599
1568,2599
1569,2599
1570,2599
1571,2599
1572,2599
1573,2599
1574,2599
1575,2599
1576,2599
1577,2599
1578,2599
1579,2599
1580,2599
1581,2599
1582,2599
1583,2599
1584,2599
1585,2599
1586,2599
1587,2599
1588,2599
1589,2599
1590,2599
1591,2599
1592,2599
1593,2599
1594,2599
1595,2599
1596,2599
1597,2599
1598,2599
1599,2599
1600,2599
1601,2599
1602,2599
1603,2599
1604,2599
1605,2599
1606,2599
1607,2599
1608,2599
1609,2599
1610,2599
1611,2599
1612,2599
1613,2599
1614,2599
1615,2599
1616,2599
1617,2599
1618,2599
1619,2599
1620,2599
1621,2599
1622,2599
1623,2599
1624,2599
1625,2599
1626,2599
1627,2599
1628,2599
1629,2599
1630,2599
1631,2599
1632,2599
1633,2599
1634,2599
1635,2599
1636,2599
1637,2599
1638,2599
1639,2599
1640,2599
1641,2599
1642,2599
1643,2599
1644,2599
1645,2599
1646,2599
1647,2599
1648,2599
1649,2599
1650,2599
1651,2599
1652,2599
1653,2599
1654,2599
1655,2599
1656,2599
1657,2599
1658,2599
1659,2599
1660,2599
1661,2599
1662,2599
1663,2599
1664,2599
1665,2599
1666,2599
1667,2599
1668,2599
1669,2599
1670,2599
1671,2599
1672,2599
1673,2599
1674,2599
1675,2599
1676,2599
1677,2599
1678,2599
1679,2599
1680,2599
1681,2599
1682,2599
1683,2599
1684,2599
1685,2599
1686,2599
1687,2599
1688,2599
1689,2599
1690,2599
1691,2599
1692,2599
1693,2599
1694,2599
1695,2599
1696,2599
1697,2599
1698,2599
1699,2599
1700,2599
1701,2599
1702,2599
1703,2599
1704,2599
1705,2599
1706,2599
1707,2599
1708,2599
1709,2599
1710,2599
1711,2599
1712,2599
1713,2599
1714,2599
1715,2599
1716,2599
1717,2599
1718,2599
1719,2599
1720,2599
1721,2599
1722,2599
1723,2599
1724,2599
1725,2599
1726,2599
1727,2599
1728,2599
1729,2599
1730,2599
1731,2599
1732,2599
1733,2599
1734,2599
1735,2599
1736,2599
1737,2599
1738,2599
1739,2599
1740,2599
1741,2599
1742,2599
1743,2599
1744,2599
1745,2599
1746,2599
1747,2599
1748,2599
1749,2599
1750,2599
1751,2599
1752,2599
1753,2599
1754,2599
1755,2599
1756,2599
1757,2599
1758,2599
1759,2599
1760,2599
1761,2599
1762,2599
1763,2599
1764,2599
1765,2599
1766,2599
1767,2599
1768,2599
1769,2599
1770,2599
1771,2599
1772,2599
1773,2599
1774,2599
1775,2599
1776,2599
1777,2599
1778,2599
1779,2599
1780,2599
1781,2599
1782,2599
1783,2599
1784,2599
1785,2599
1786,2599
1787,2599
1788,2599
1789,2599
1790,2599
1791,2599
1792,2599
1793,2599
1794,2599
1795,2599
1796,2599
1797,2599
1798,2599
1799,2599
1800,2599
1801,2599
1802,2599
1803,2599
1804,2599
1805,2599
1806,2599
1807,2599
1808,2599
1809,2599
1810,2599
1811,2599
1812,2599
1813,2599
1814,2599
1815,2599
1816,2599
1817,2599
1818,2599
1819,2599
1820,2599
1821,2599
1822,2599
1823,2599
1824,2599
1825,2599
1826,2599
1827,2599
1828,2599
1829,2599
1830,2599
1831,2599
1832,2599
1833,2599
1834,2599
1835,2599
1836,2599
1837,2599
1838,2599
1839,2599
1840,2599
1841,2599
1842,2599
1843,2599
1844,2599
1845,2599
1846,2599
1847,2599
1848,2599
1849,2599
1850,2599
1851,2599
1852,2599
1853,2599
1854,2599
1855,2599
1856,2599
1857,2599
1858,2599
1859,2599
1860,2599
1861,2599
1862,2599
1863,2599
1864,2599
1865,2599
1866,2599
1867,2599
1868,2599
1869,2599
1870,2599
1871,2599
1872,2599
1873,2599
1874,2599
1875,2599
1876,2599
1877,2599
1878,2599
1879,2599
1880,2599
1881,2599
1882,2599
1883,2599
1884,2599
1885,2599
1886,2599
1887,2599
1888,2599
1889,2599
1890,2599
1891,2599
1892,2599
1893,2599
1894,2599
1895,2599
1896,2599
1897,2599
1898,2599
1899,2599
1900,2599
1901,2599
1902,2599
1903,2599
1904,2599
1905,2599
1906,2599
1907,2599
1908,2599
1909,2599
1910,2599
1911,2599
1912,2599
1913,2599
1914,2599
1915,2599
1916,2599
1917,2599
1918,2599
1919,2599
1920,2599
1921,2599
1922,2599
1923,2599
1924,2599
1925,2599
1926,2599
1927,2599
1928,2599
1929,2599
1930,2599
1931,2599
1932,2599
1933,2599
1934,2599
1935,2599
1936,2599
1937,2599
1938,2599
1939,2599
1940,2599
1941,2599
1942,2599
1943,2599
1944,2599
1945,2599
1946,2599
1947,2599
1948,2599
1949,2599
1950,2599
1951,2599
1952,2599
1953,2599
1954,2599
1955,2599
1956,2599
1957,2599
1958,2599
1959,2599
1960,2599
1961,2599
1962,2599
1963,2599
1964,2599
1965,2599
1966,2599
1967,2599
1968,2599
1969,2599
1970,2599
1971,2599
1972,2599
1973,2599
1974,2599
1975,2599
1976,2599
1977,2599
1978,2599
1979,2599
1980,2599
1981,2599
1982,2599
1983,2599
1984,2599
1985,2599
1986,2599
1987,2599
1988,2599
1989,2599
1990,2599
1991,2599
1992,2599
1993,2599
1994,2599
1995,2599
1996,2599
1997,2599
1998,2599
1999,2599
2000,2599
2001,2599
2002,2599
2003,2599
2004,2599
2005,2599
2006,2599
2007,2599
2008,2599
2009,2599
2010,2599
2011,2599
2012,2599
2013,2599
2014,2599
2015,2599
2016,2599
2017,2599
2018,2599
2019,2599
2020,2599
2021,2599
2022,2599
2023,2599
2024,2599
2025,2599
2026,2599
2027,2599
2028,2599
2029,2599
2030,2599
2031,2599
2032,2599
2033,2599
2034,2599
2035,2599
2036,2599
2037,2599
2038,2599
2039,2599
2040,2599
2041,2599
2042,2599
2043,2599
2044,2599
2045,2599
2046,2599
2047,2599
2048,2599
2049,2599
2050,2599
2051,2599
2052,2599
2053,2599
2054,2599
2055,2599
2056,2599
2057,2599
2058,2599
2059,2599
2060,2599
2061,2599
2062,2599
2063,2599
2064,2599
2065,2599
2066,2599
2067,2599
2068,2599
2069,2599
2070,2599
2071,2599
2072,2599
2073,2599
2074,2599
2075,2599
2076,2599
2077,2599
2078,2599
2079,2599
2080,2599
2081,2599
2082,2599
2083,2599
2084,2599
2085,2599
2086,2599
2087,2599
2088,2599
2089,2599
2090,2599
2091,2599
2092,2599
2093,2599
2094,2599
2095,2599
2096,2599
2097,2599
2098,2599
2099,2599
2100,2599
2101,2599
2102,2599
2103,2599
2104,2599
2105,2599
2106,2599
2107,2599
2108,2599
2109,2599
2110,2599
2111,2599
2112,2599
2113,2599
2114,2599
2115,2599
2116,2599
2117,2599
2118,2599
2119,2599
2120,2599
2121,2599
2122,2599
2123,2599
2124,2599
2125,2599
2126,2599
2127,2599
2128,2599
2129,2599
2130,2599
2131,2599
2132,2599
2133,2599
2134,2599
2135,2599
2136,2599
2137,2599
2138,2599
2139,2599
2140,2599
2141,2599
2142,2599
2143,2599
2144,2599
2145,2599
2146,2599
2147,2599
2148,2599
2149,2599
2150,2599
2151,2599
2152,2599
2153,2599
2154,2599
2155,2599
2156,2599
2157,2599
2158,2599
2159,2599
2160,2599
2161,2599
2162,2599
2163,2599
2164,2599
2165,2599
2166,2599
2167,2599
2168,2599
2169,2599
2170,2599
2171,2599
2172,2599
2173,2599
2174,2599
2175,2599
2176,2599
2177,2599
2178,2599
2179,2599
2180,2599
2181,2599
2182,2599
2183,2599
2184,2599
2185,2599
2186,2599
2187,2599
2188,2599
2189,2599
2190,2599
2191,2599
2192,2599
2193,2599
2194,2599
2195,2599
2196,2599
2197,2599
2198,2599
2199,2599
2200,2599
2201,2599
2202,2599
2203,2599
2204,2599
2205,2599
2206,2599
2207,2599
2208,2599
2209,2599
2210,2599
2211,2599
2212,2599
2213,2599
2214,2599
2215,2599
2216,2599
2217,2599
2218,2599
2219,2599
2220,2599
2221,2599
2222,2599
2223,2599
2224,2599
2225,2599
2226,2599
2227,2599
2228,2599
2229,2599
2230,2599
2231,2599
2232,2599
2233,2599
2234,2599
2235,2599
2236,2599
2237,2599
2238,2599
2239,2599
2240,2599
2241,2599
2242,2599
2243,2599
2244,2599
2245,2599
2246,2599
2247,2599
2248,2599
2249,2599
2250,2599
2251,2599
2252,2599
2253,2599
2254,2599
2255,2599
2256,2599
2257,2599
2258,2599
2259,2599
2260,2599
2261,2599
2262,2599
2263,2599
2264,2599
2265,2599
2266,2599
2267,2599
2268,2599
2269,2599
2270,2599
2271,2599
2272,2599
2273,2599
2274,2599
2275,2599
2276,2599
2277,2599
2278,2599
2279,2599
2280,2599
2281,2599
2282,2599
2283,2599
2284,2599
2285,2599
2286,2599
2287,2599
2288,2599
2289,2599
2290,2599
2291,2599
2292,2599
2293,2599
2294,2599
2295,2599
2296,2599
2297,2599
2298,2599
2299,2599
2300,2599
2301,2599
2302,2599
2303,2599
2304,2599
2305,2599
2306,2599
2307,2599
2308,2599
2309,2599
2310,2599
2311,2599
2312,2599
2313,2599
2314,2599
2315,2599
2316,2599
2317,2599
2318,2599
2319,2599
2320,2599
2321,2599
2322,2599
2323,2599
2324,2599
2325,2599
2326,2599
2327,2599
2328,2599
2329,2599
2330,2599
2331,2599
2332,2599
2333,2599
2334,2599
2335,2599
2336,2599
2337,2599
2338,2599
2339,2599
2340,2599
2341,2599
2342,2599
2343,2599
2344,2599
2345,2599
2346,2599
2347,2599
2348,2599
2349,2599
2350,2599
2351,2599
2352,2599
2353,2599
2354,2599
2355,2599
2356,2599
2357,2599
2358,2599
2359,2599
2360,2599
2361,2599
2362,2599
2363,2599
2364,2599
2365,2599
2366,2599
2367,2599
2368,2599
2369,2599
2370,2599
2371,2599
2372,2599
2373,2599
2374,2599
2375,2599
2376,2599
2377,2599
2378,2599
2379,2599
2380,2599
2381,2599
2382,2599
2383,2599
2384,2599
2385,2599
2386,2599
2387,2599
2388,2599
2389,2599
2390,2599
2391,2599
2392,2599
2393,2599
2394,2599
2395,2599
2396,2599
2397,2599
2398,2599
2399,2599
2400,2599
2401,2599
2402,2599
2403,2599
2404,2599
2405,2599
2406,2599
2407,2599
2408,2599
2409,2599
2410,2599
2411,2599
2412,2599
2413,2599
2414,2599
2415,2599
2416,2599
2417,2599
2418,2599
2419,2599
2420,2599
2421,2599
2422,2599
2423,2599
2424,2599
2425,2599
2426,2599
2427,2599
2428,2599
2429,2599
2430,2599
2431,2599
2432,2599
2433,2599
2434,2599
2435,2599
2436,2599
2437,2599
2438,2599
2439,2599
2440,2599
2441,2599
2442,2599
2443,2599
2444,2599
2445,2599
2446,2599
2447,2599
2448,2599
2449,2599
2450,2599
2451,2599
2452,2599
2453,2599
2454,2599
2455,2599
2456,2599
2457,2599
2458,2599
2459,2599
2460,2599
2461,2599
2462,2599
2463,2599
2464,2599
2465,2599
2466,2599
2467,2599
2468,2599
2469,2599
2470,2599
2471,2599
2472,2599
2473,2599
2474,2599
2475,2599
2476,2599
2477,2599
2478,2599
2479,2599
2480,2599
2481,2599
2482,2599
2483,2599
2484,2599
2485,2599
2486,2599
2487,2599
2488,2599
2489,2599
2490,2599
2491,2599
2492,2599
2493,2599
2494,2599
2495,2599
2496,2599
2497,2599
2498,2599
2499,2599
2500,2599
2501,2599
2502,2599
2503,2599
2504,2599
2505,2599
2506,2599
2507,2599
2508,2599
2509,2599
2510,2599
2511,2599
2512,2599
2513,2599
2514,2599
2515,2599
2516,2599
2517,2599
2518,2599
2519,2599
2520,2599
2521,2599
2522,2599
2523,2599
2524,2599
2525,2599
2526,2599
2527,2599
2528,2599
2529,2599
2530,2599
2531,2599
2532,2599
2533,2599
2534,2599
2535,2599
2536,2599
2537,2599
2538,2599
2539,2599
2540,2599
2541,2599
2542,2599
2543,2599
2544,2599
2545,2599
2546,2599
2547,2599
2548,2599
2549,2599
2550,2599
2551,2599
2552,2599
2553,2599
2554,2599
2555,2599
2556,2599
2557,2599
2558,2599
2559,2599
2560,2599
2561,2599
2562,2599
2563,2599
2564,2599
2565,2599
2566,2599
2567,2599
2568,2599
2569,2599
2570,2599
2571,2599
2572,2599
2573,2599
2574,2599
2575,2599
2576,2599
2577,2599
2578,2599
2579,2599
2580,2599
2581,2599
2582,2599
2583,2599
2584,2599
2585,2599
2586,2599
2587,2599
2588,2599
2589,2599
2590,2599
2591,2599
2592,2599
2593,2599
2594,2599
2595,2599
2596,2599
2597,2599
2598,2599
2599,2599
